{
  "cv_accuracy_mean": 0.9993,
  "cv_accuracy_std": 0.0008,
  "cv_scores": [
    1.0,
    1.0,
    1.0,
    0.9983,
    0.9983
  ],
  "train_accuracy": 1.0,
  "f1_weighted": 1.0,
  "classification_report": {
    "financial_alert": {
      "precision": 1.0,
      "recall": 1.0,
      "f1-score": 1.0,
      "support": 328.0
    },
    "financial_transaction": {
      "precision": 1.0,
      "recall": 1.0,
      "f1-score": 1.0,
      "support": 789.0
    },
    "otp": {
      "precision": 1.0,
      "recall": 1.0,
      "f1-score": 1.0,
      "support": 52.0
    },
    "personal": {
      "precision": 1.0,
      "recall": 1.0,
      "f1-score": 1.0,
      "support": 155.0
    },
    "promotional": {
      "precision": 1.0,
      "recall": 1.0,
      "f1-score": 1.0,
      "support": 1679.0
    },
    "spam": {
      "precision": 1.0,
      "recall": 1.0,
      "f1-score": 1.0,
      "support": 2.0
    },
    "accuracy": 1.0,
    "macro avg": {
      "precision": 1.0,
      "recall": 1.0,
      "f1-score": 1.0,
      "support": 3005.0
    },
    "weighted avg": {
      "precision": 1.0,
      "recall": 1.0,
      "f1-score": 1.0,
      "support": 3005.0
    }
  },
  "confusion_matrix": [
    [
      328,
      0,
      0,
      0,
      0,
      0
    ],
    [
      0,
      789,
      0,
      0,
      0,
      0
    ],
    [
      0,
      0,
      52,
      0,
      0,
      0
    ],
    [
      0,
      0,
      0,
      155,
      0,
      0
    ],
    [
      0,
      0,
      0,
      0,
      1679,
      0
    ],
    [
      0,
      0,
      0,
      0,
      0,
      2
    ]
  ],
  "labels": [
    "financial_alert",
    "financial_transaction",
    "otp",
    "personal",
    "promotional",
    "spam"
  ],
  "xgb_eval_results": {
    "validation_0": {
      "mlogloss": [
        0.9395795817085589,
        0.8063369869640385,
        0.7026102548579805,
        0.6177393555913908,
        0.5465067407850814,
        0.4856333430366786,
        0.43304168232120016,
        0.38724125407871707,
        0.3470879287742537,
        0.3117347110106227,
        0.2803920183808058,
        0.25257371903432785,
        0.22781799928271235,
        0.20573372763276299,
        0.18600356971810939,
        0.16839262565129906,
        0.15261871303538613,
        0.13848894788029786,
        0.12567417417806317,
        0.1142038567248924,
        0.10389726490600533,
        0.09453723694627078,
        0.08615229772202386,
        0.07852068509807354,
        0.07165301112789729,
        0.06546031539103701,
        0.05981247070339972,
        0.05468576760132008,
        0.05015740950999412,
        0.04599385750332782,
        0.04226656052161522,
        0.0388316524737265,
        0.03574277630181186,
        0.03291444679932939,
        0.03035610410990736,
        0.02804371127362879,
        0.02596093641753663,
        0.02403270811603378,
        0.02230300443415869,
        0.02070451031490144,
        0.01925322181582389,
        0.01790769229032496,
        0.01672878036931771,
        0.01557836627541962,
        0.01456375835682676,
        0.01363229645515316,
        0.012779721839527,
        0.01199206413942143,
        0.01127537630964071,
        0.01061709270213642,
        0.0100161492497778,
        0.00944633002498709,
        0.00894166866957385,
        0.00849100007495832,
        0.00806155854107009,
        0.00764723739024258,
        0.00728958676578462,
        0.00694349950052389,
        0.00663731280164545,
        0.00634430563229387,
        0.00611687080490871,
        0.00584298399842256,
        0.00561746391320536,
        0.00542190786433281,
        0.00521624571207551,
        0.0050502530912293,
        0.004864227441709,
        0.00469517964209599,
        0.0045512455259198,
        0.00440413392905418,
        0.00426185446382251,
        0.00412578003006168,
        0.00400480989496744,
        0.00389134975991091,
        0.00379218781221086,
        0.00369769109444214,
        0.00361579836860683,
        0.00353911027747916,
        0.00346412178322273,
        0.00339046258145898,
        0.00332395846212822,
        0.0032563168560486,
        0.00318952873325945,
        0.00312879612126642,
        0.00306798695267642,
        0.00301597610567526,
        0.00296610135059361,
        0.00291196018155575,
        0.00286850855294636,
        0.00282121722872116,
        0.00277970621982226,
        0.00273669331904792,
        0.00270126483656364,
        0.00265944304295599,
        0.0026246605663805,
        0.00259080268585971,
        0.00255522530940156,
        0.00252476768714065,
        0.00248683880948581,
        0.00245583240436876,
        0.00242584513650888,
        0.00239614976426961,
        0.0023745612735197,
        0.00234436277335131,
        0.00232221637175983,
        0.00229461021674293,
        0.00227082981313251,
        0.00224799016841447,
        0.00222412750806934,
        0.0022043115737467,
        0.00218218224644277,
        0.00215749588043851,
        0.00213988907880125,
        0.00212100358729793,
        0.00210168327749139,
        0.00208318053199993,
        0.00206339581524607,
        0.00204874877818534,
        0.00203110442331511,
        0.00201695484267744,
        0.00200168650695323,
        0.00198540636155123,
        0.00197431003808907,
        0.00196085533969021,
        0.00194562618828464,
        0.00193580064575892,
        0.00192177110043175,
        0.00191115857451344,
        0.00189963586969305,
        0.00188639355503207,
        0.00187582715688118,
        0.001863313732412,
        0.00185398665744348,
        0.0018420803008211,
        0.00183288537830802,
        0.0018210349806822,
        0.00181231791631003,
        0.00180369868723631,
        0.00179242309701739,
        0.00178501475294885,
        0.00177402390604788,
        0.00176721905951011,
        0.00175961268618745,
        0.00174927284206508,
        0.00174163839887275,
        0.00173245081310966,
        0.00172461505019914,
        0.0017164360542181,
        0.00170963898529161,
        0.00170373000933394,
        0.00169511678508625,
        0.00168939306189193,
        0.00168312323534301,
        0.00167711015212063,
        0.00167187207453313,
        0.00166657060250757,
        0.00166169766436146,
        0.00165657138117264,
        0.0016516411302963,
        0.00164737308866238,
        0.00164226585288944,
        0.00163706149665971,
        0.001630887987567,
        0.00162642708928555,
        0.0016205364488137,
        0.00161614936662344,
        0.00161191736628818,
        0.00160634859354579,
        0.00160154909300186,
        0.00159620628697537,
        0.00159167502023231,
        0.00158709340978865,
        0.00158221827372829,
        0.00157714725855007,
        0.00157396548624419,
        0.00157020914947696,
        0.00156604388876485,
        0.00156141576783356,
        0.00155738026520572,
        0.0015543317705561,
        0.00154985495744907,
        0.0015463034009169,
        0.00154248367471155,
        0.00153954963170448,
        0.00153603478861933,
        0.00153235545988532,
        0.00152926126179825,
        0.00152586148172678,
        0.00152231174878748,
        0.00151902860874507,
        0.00151556678171624,
        0.00151299205207278,
        0.0015098110787542,
        0.00150643749497212,
        0.00150332950680859,
        0.00150087841680162,
        0.00149705395804891,
        0.00149383406794539,
        0.00149083451716446,
        0.00148781224250255
      ]
    },