{
  "cv_accuracy_mean": 0.9933,
  "cv_accuracy_std": 0.0037,
  "cv_scores": [
    0.9865,
    0.9933,
    0.9932,
    0.9966,
    0.9966
  ],
  "train_accuracy": 0.9993,
  "f1_weighted": 0.999,
  "classification_report": {
    "financial_alert": {
      "precision": 1.0,
      "recall": 1.0,
      "f1-score": 1.0,
      "support": 44.0
    },
    "financial_transaction": {
      "precision": 1.0,
      "recall": 1.0,
      "f1-score": 1.0,
      "support": 465.0
    },
    "otp": {
      "precision": 1.0,
      "recall": 1.0,
      "f1-score": 1.0,
      "support": 26.0
    },
    "personal": {
      "precision": 1.0,
      "recall": 1.0,
      "f1-score": 1.0,
      "support": 58.0
    },
    "promotional": {
      "precision": 0.9988751406074241,
      "recall": 1.0,
      "f1-score": 0.9994372537985369,
      "support": 888.0
    },
    "spam": {
      "precision": 0.0,
      "recall": 0.0,
      "f1-score": 0.0,
      "support": 1.0
    },
    "accuracy": 0.9993252361673415,
    "macro avg": {
      "precision": 0.8331458567679041,
      "recall": 0.8333333333333334,
      "f1-score": 0.8332395422997562,
      "support": 1482.0
    },
    "weighted avg": {
      "precision": 0.9986512313491178,
      "recall": 0.9993252361673415,
      "f1-score": 0.998988044111404,
      "support": 1482.0
    }
  },
  "confusion_matrix": [
    [
      44,
      0,
      0,
      0,
      0,
      0
    ],
    [
      0,
      465,
      0,
      0,
      0,
      0
    ],
    [
      0,
      0,
      26,
      0,
      0,
      0
    ],
    [
      0,
      0,
      0,
      58,
      0,
      0
    ],
    [
      0,
      0,
      0,
      0,
      888,
      0
    ],
    [
      0,
      0,
      0,
      0,
      1,
      0
    ]
  ],
  "labels": [
    "financial_alert",
    "financial_transaction",
    "otp",
    "personal",
    "promotional",
    "spam"
  ]
}